{
	"Regression": false,
	"NNodes": [
		9,
		21,
		6,
		1
	],
	"Activations": [
		[
			0.10415,
			0.05975,
			0.07890000000000001,
			0.0713,
			0.038130000000000004,
			0.0375,
			0.027899999999999998,
			0.02889,
			1
		],
		[
			0,
			0,
			0,
			0,
			0,
			0.40145333625801194,
			0.29138699892624226,
			0.7798287276766176,
			0,
			0.9180906749715303,
			0.3991127216545885,
			0.07761606588932025,
			0.8614393341019944,
			0,
			0,
			0,
			0.12001835544270745,
			0.5938082559368789,
			0.16387099630990243,
			0,
			1
		],
		[
			2.1667620768478493,
			0.2550178349446995,
			0.41237835124459277,
			0,
			0.7948282209765297,
			1
		],
		[
			0.10304485575009278
		]
	],
	"Weights": [
		[
			[
				0.8903922985882329,
				-0.5100698294124405,
				0.31191253039081035,
				-0.8913123208005992,
				-0.26482558673508294,
				-0.42103913368681445,
				-0.6151227806501357,
				0.31066430162966485,
				0.794339426299602,
				-0.6652911148818833,
				-0.4228286963890898,
				0.8052096925410095,
				0.6995605635257469,
				-0.45390639057303417,
				0.21816038398071225,
				-0.49268798711432626,
				0.5493084783719606,
				-0.9650384756867054,
				0.5741479126079885,
				0.598787395918909,
				-0.28718291656953987
			],
			[
				-0.1476158906456415,
				0.02048466576376251,
				-0.5191361934278312,
				-0.5815962537435286,
				0.3861400880152521,
				-0.19620421483932138,
				-0.43035177811592595,
				0.366793169640905,
				-0.12492557212890454,
				-0.7919703294758337,
				-0.3680629983976986,
				-0.6974127872682505,
				0.46268379325609743,
				-0.3716654563455375,
				-0.26305059918812024,
				0.29547361345778445,
				-0.28071339536585616,
				0.08462679184598709,
				-0.9636649021013175,
				0.036213233709006865,
				-0.7702482676692223
			],
			[
				0.5119704194861152,
				0.2052506010260815,
				0.7012785367315095,
				-0.8326766423865003,
				0.8463638315235509,
				0.8829235816210612,
				-0.05764365331475674,
				0.6695394901833107,
				-0.9157704877707784,
				0.639706537841618,
				-0.1414680383094541,
				0.930322453616355,
				-0.9342780376263381,
				0.5913330952953479,
				0.16931309657634963,
				0.7017542331433588,
				-0.9118103118721888,
				0.03131616929860903,
				0.26580319406464303,
				0.02700340361611353,
				-0.5090082314897222
			],
			[
				-0.7698497228513372,
				0.5705206380771439,
				0.6739468312745551,
				-0.10815235272685009,
				-0.4208126508550678,
				-0.23911488697922012,
				0.8573933106374354,
				-0.010161772603417885,
				-0.7402238038049651,
				0.5210060068902373,
				-0.13616790679880553,
				-0.5405765447300193,
				-0.4390335925749166,
				0.8408534023731367,
				-0.5795895494500072,
				0.7557617863766324,
				0.6223152386928696,
				0.3133265959712148,
				0.7470284168269503,
				-0.06570168910123053,
				0.6618299589049257
			],
			[
				0.5465132637815553,
				0.7534063323072011,
				-0.9922795944938338,
				0.856035577208702,
				-0.564817722124862,
				0.7820879729061128,
				-0.07713357683129152,
				-0.41825085110252425,
				-0.0666059400895822,
				-0.249139363918075,
				0.2799571535147609,
				0.9561401924606723,
				-0.21842428871157282,
				-0.5519652767891468,
				-0.2775173017384185,
				-0.8352867167282624,
				-0.4777288922958657,
				0.19722000279659513,
				0.21353241592536332,
				0.4423855965218362,
				0.8392677516362208
			],
			[
				0.7049647492350077,
				-0.04780972761540658,
				0.3478003504294118,
				-0.9476368778456089,
				0.6137892216194372,
				0.16333880713794469,
				0.7228836438325066,
				-0.5824950671070772,
				-0.9674000599442655,
				0.08200395778201708,
				-0.3921344541134113,
				-0.7939147809190108,
				0.3944943106476704,
				-0.579958170645561,
				0.4320935616851016,
				-0.601751279861694,
				0.6350368302179756,
				0.6563168526745857,
				-0.2968701305253909,
				0.41416215123216005,
				-0.9058044764474155
			],
			[
				-0.5899543768108627,
				-0.6471179297859581,
				0.7790995732511967,
				-0.08186769321411314,
				0.8426939159576765,
				0.1518406120848843,
				-0.13974796619451924,
				-0.6353012503980244,
				-0.7580526930589093,
				-0.42972882448066896,
				0.8197251629784115,
				0.4924801376414285,
				0.3051277645834196,
				-0.5581676715954857,
				0.3865550001252167,
				0.9724737939661094,
				0.08997216254911633,
				-0.41043734618237904,
				-0.4941007334262232,
				0.9960690269535086,
				-0.9587097755454003
			],
			[
				0.6216650546945515,
				-0.0808893973494289,
				-0.8818259430800143,
				0.04405659427118902,
				0.07883530201915834,
				0.9414891210404266,
				-0.015438677211391472,
				0.15160326235871247,
				-0.7043194820664482,
				0.7952498517632738,
				-0.780627718274173,
				0.9004390039125596,
				0.029104142937963928,
				0.7221099328785958,
				-0.9658434945035476,
				-0.37818969137836933,
				0.6278069152308536,
				-0.7933732580406389,
				0.9159684805778525,
				-0.15984088512177108,
				-0.18555401847662523
			],
			[
				-0.20601653134649123,
				-0.5882172170175044,
				-0.7696233927458809,
				-0.2797187475192472,
				-0.08258787120118094,
				0.3370317912612506,
				0.30475945475378796,
				0.7245915739926208,
				-0.5178006972588827,
				0.9425195991606221,
				0.48972497301472373,
				-0.045875143417920206,
				0.850133475240975,
				-0.5334150014447827,
				-0.2663847749098537,
				-0.9284097652382473,
				0.08090561629521931,
				0.666689405017795,
				0.07773119091503777,
				-0.15223526561941103,
				-0.7013396858598414
			]
		],
		[
			[
				-0.4243763113130027,
				-0.07126887550673333,
				0.9510178082586602,
				0.7936588143863741,
				-0.43474584363466917,
				0.7354868992833885
			],
			[
				0.17489015292970778,
				0.7130169013060352,
				0.01487448799928548,
				0.40176739444493115,
				0.2702206429258769,
				-0.2825887978125958
			],
			[
				0.16366822473849263,
				-0.9062561333897383,
				0.08463158829442552,
				-0.9912493413694455,
				-0.3524300656671018,
				0.20007430053028563
			],
			[
				0.9681692560618329,
				0.16780026391813574,
				-0.03486836456991138,
				-0.9457112662130612,
				0.9902168604551929,
				0.03664111186677821
			],
			[
				-0.07817678030133779,
				0.45924997810408397,
				0.6145988089978343,
				-0.6501628976270235,
				0.3072574773373753,
				0.7238083233691723
			],
			[
				0.0696724636334769,
				0.6580368579538851,
				0.41256436654015594,
				-0.9373223876438138,
				-0.8607877356638949,
				0.09351803141684845
			],
			[
				-0.9384640995027314,
				-0.5908734795144012,
				-0.881546975240392,
				0.6945511271962106,
				-0.7563165028853207,
				0.6183346112942243
			],
			[
				0.23637420151225408,
				0.16579509129659753,
				-0.26413213910760935,
				-0.41967738807414556,
				0.644691685568759,
				0.40941151264617437
			],
			[
				-0.6715292519682357,
				0.8134517692032543,
				0.12603450858671028,
				0.6013796945697798,
				0.4717454125168161,
				0.058941766157968756
			],
			[
				0.9502263132558979,
				-0.7173366007665044,
				0.8391992613206101,
				-0.36374578299253346,
				-0.18624528992420664,
				-0.3513389610111963
			],
			[
				0.1515079303103295,
				-0.2718649439736093,
				-0.9195069856536999,
				0.1752917653374677,
				0.9485526851329862,
				0.4039032987883282
			],
			[
				0.9521627372562036,
				0.9744098983001555,
				-0.9229196955437479,
				-0.07192850070523871,
				-0.6446354456230374,
				0.48978073224377794
			],
			[
				0.848917424523272,
				0.577500407570275,
				0.6906565305373737,
				-0.6812976007470013,
				0.7846316190808611,
				0.34994190103487544
			],
			[
				-0.9936309359536355,
				-0.07055323495027055,
				0.7928772079662834,
				-0.6684377714097527,
				0.34177392385618943,
				0.26464760910668716
			],
			[
				0.3694836339338752,
				-0.27492346253519484,
				-0.00496279218334561,
				-0.44457255865652967,
				-0.6184535126156301,
				0.19102224584129357
			],
			[
				-0.5653125271761741,
				0.7298037921894656,
				0.5418376244477965,
				-0.2294777668358201,
				-0.7427164939400412,
